agent,checkpoint,checkpoint_sha256,training_seed,training_steps,training_seconds,evaluation_mode,corner_filter,evaluation_condition_changed,games,average_score,median_score,score_std,score_q25,score_q75,average_moves,corner_occupancy,snake_quality,max_tile_distribution,reach_128_pct,reach_256_pct,reach_512_pct,reach_1024_pct,reach_2048_pct,selected_checkpoint_steps,method
experiments/ppo_verification/matrix8192/dqn_strategy/seed42/checkpoints/best.pt,experiments/ppo_verification/matrix8192/dqn_strategy/seed42/checkpoints/best.pt,e984ff1b71baf41190c4a8af844966a22c8dfa4d078acd39be6c736aa71991ec,42,8192,3.954392540967092,greedy_q,True,False,100,1723.6,1408.0,948.9802714258898,1022.0,2437.0,163.97,88.32095232585887,0.799393432394854,"{""32"": 1, ""64"": 25, ""128"": 47, ""256"": 26, ""512"": 1}",74.0,27.0,1.0,0.0,0.0,4096.0,dqn_strategy
experiments/ppo_verification/matrix8192/dqn_strategy/seed42/checkpoints/best.pt,experiments/ppo_verification/matrix8192/dqn_strategy/seed42/checkpoints/best.pt,e984ff1b71baf41190c4a8af844966a22c8dfa4d078acd39be6c736aa71991ec,42,8192,3.954392540967092,greedy_q,False,True,100,1632.44,1466.0,798.0381793859087,1073.0,2259.0,159.2,27.87601814926265,0.7537258049341651,"{""32"": 4, ""64"": 21, ""128"": 50, ""256"": 25}",75.0,25.0,0.0,0.0,0.0,4096.0,dqn_strategy
experiments/ppo_verification/matrix8192/dqn_strategy/seed43/checkpoints/best.pt,experiments/ppo_verification/matrix8192/dqn_strategy/seed43/checkpoints/best.pt,f9843bc614af910afb14a5392bf214e112f5b316579dbe1bd08c3c17091d0a21,43,8192,3.953117416938767,greedy_q,True,False,100,2336.6,1986.0,1392.6457778725585,1398.0,3129.0,205.57,82.48910259234762,0.8055701553158454,"{""16"": 1, ""32"": 2, ""64"": 11, ""128"": 40, ""256"": 38, ""512"": 8}",86.0,46.0,8.0,0.0,0.0,8192.0,dqn_strategy
experiments/ppo_verification/matrix8192/dqn_strategy/seed43/checkpoints/best.pt,experiments/ppo_verification/matrix8192/dqn_strategy/seed43/checkpoints/best.pt,f9843bc614af910afb14a5392bf214e112f5b316579dbe1bd08c3c17091d0a21,43,8192,3.953117416938767,greedy_q,False,True,100,1963.92,1654.0,1134.0110601067545,1200.0,2733.0,184.04,36.70710907776669,0.7515775033629857,"{""16"": 1, ""32"": 4, ""64"": 17, ""128"": 44, ""256"": 32, ""512"": 2}",78.0,34.0,2.0,0.0,0.0,8192.0,dqn_strategy
experiments/ppo_verification/matrix8192/dqn_strategy/seed44/checkpoints/best.pt,experiments/ppo_verification/matrix8192/dqn_strategy/seed44/checkpoints/best.pt,0b834aa8575e16b07c402938901884f596dd83c9327bfbab3ab3ab909fda3359,44,8192,3.917648874921724,greedy_q,True,False,100,1596.04,1368.0,1144.0204130410195,824.0,1885.0,155.2,79.70521213092182,0.8229068500566289,"{""32"": 9, ""64"": 29, ""128"": 44, ""256"": 14, ""512"": 4}",62.0,18.0,4.0,0.0,0.0,4096.0,dqn_strategy
experiments/ppo_verification/matrix8192/dqn_strategy/seed44/checkpoints/best.pt,experiments/ppo_verification/matrix8192/dqn_strategy/seed44/checkpoints/best.pt,0b834aa8575e16b07c402938901884f596dd83c9327bfbab3ab3ab909fda3359,44,8192,3.917648874921724,greedy_q,False,True,100,1734.04,1508.0,1034.3800751164824,1019.0,2265.0,165.08,31.942776890571555,0.7978199702584395,"{""32"": 5, ""64"": 23, ""128"": 47, ""256"": 22, ""512"": 3}",72.0,25.0,3.0,0.0,0.0,4096.0,dqn_strategy
experiments/ppo_verification/matrix8192/dqn_vanilla/seed42/checkpoints/best.pt,experiments/ppo_verification/matrix8192/dqn_vanilla/seed42/checkpoints/best.pt,432fd6ef646408660d91a2f4374a8f2a168fb55a3d528480bd9b171481e6df73,42,8192,3.465133208082989,greedy_q,False,False,100,1430.4,1196.0,946.0552869999756,755.0,1543.0,144.67,9.573457632619371,0.7619484566122223,"{""32"": 3, ""64"": 43, ""128"": 36, ""256"": 17, ""512"": 1}",54.0,18.0,1.0,0.0,0.0,8192.0,dqn_vanilla
experiments/ppo_verification/matrix8192/dqn_vanilla/seed43/checkpoints/best.pt,experiments/ppo_verification/matrix8192/dqn_vanilla/seed43/checkpoints/best.pt,b5f6dd1113703de1d415b77f74241a2cd94b94f496682016815fb1ac12c502ba,43,8192,3.504867000039667,greedy_q,False,False,100,1936.28,1558.0,1273.2306168312025,973.0,2706.0,179.97,2.125925730941313,0.7076480972501409,"{""16"": 1, ""32"": 6, ""64"": 23, ""128"": 37, ""256"": 30, ""512"": 3}",70.0,33.0,3.0,0.0,0.0,4096.0,dqn_vanilla
experiments/ppo_verification/matrix8192/dqn_vanilla/seed44/checkpoints/best.pt,experiments/ppo_verification/matrix8192/dqn_vanilla/seed44/checkpoints/best.pt,b959c7137fe2bd30534705295cef088ac0d1887687c5062f5f4cc0df5571ccb7,44,8192,3.4854906669352204,greedy_q,False,False,100,1031.56,1028.0,465.2532344016666,654.0,1324.0,115.7,2.918412894993903,0.6891256529419398,"{""32"": 15, ""64"": 36, ""128"": 46, ""256"": 3}",49.0,3.0,0.0,0.0,0.0,4096.0,dqn_vanilla
experiments/ppo_verification/matrix8192/ppo_potential_corner0/seed42/checkpoints/best.pt,experiments/ppo_verification/matrix8192/ppo_potential_corner0/seed42/checkpoints/best.pt,749d8ff04af27f581f98b8ab4724e4073cb4860e9bec8ee3a96570e4ad8bab0e,42,8192,1.560611082939431,deterministic,False,False,100,2224.52,1970.0,1164.4443811396388,1436.0,2778.0,204.45,0.7209667067847733,0.6388223732185386,"{""32"": 2, ""64"": 13, ""128"": 50, ""256"": 32, ""512"": 3}",85.0,35.0,3.0,0.0,0.0,8192.0,ppo_potential_corner0
experiments/ppo_verification/matrix8192/ppo_potential_corner0/seed43/checkpoints/best.pt,experiments/ppo_verification/matrix8192/ppo_potential_corner0/seed43/checkpoints/best.pt,c562a4ad097d36645876315cc61f72cd52fbe46d2880e48800061ab1a4f01fab,43,8192,1.399396084016189,deterministic,False,False,100,2034.0,1824.0,988.9244438052664,1332.0,2687.0,190.04,1.2267037312116136,0.8122478716349122,"{""32"": 1, ""64"": 18, ""128"": 45, ""256"": 35, ""512"": 1}",81.0,36.0,1.0,0.0,0.0,8192.0,ppo_potential_corner0
experiments/ppo_verification/matrix8192/ppo_potential_corner0/seed44/checkpoints/best.pt,experiments/ppo_verification/matrix8192/ppo_potential_corner0/seed44/checkpoints/best.pt,de063c276fb5f7acebd2f783be8b35923dab212e11e516f52eff76e7f326745f,44,8192,1.5076655000448227,deterministic,False,False,100,2837.84,2698.0,1580.6653420747746,1559.0,3418.0,240.08,0.0528759841919578,0.6786568934206804,"{""32"": 1, ""64"": 8, ""128"": 32, ""256"": 45, ""512"": 14}",91.0,59.0,14.000000000000002,0.0,0.0,8192.0,ppo_potential_corner0
experiments/ppo_verification/matrix8192/ppo_potential_corner1/seed42/checkpoints/best.pt,experiments/ppo_verification/matrix8192/ppo_potential_corner1/seed42/checkpoints/best.pt,fbfbc7a124b53743cf72bda3c11892d91f84c5159675e209743bcf833ee73b82,42,8192,1.556712584104389,deterministic,True,False,100,1838.44,1606.0,1053.0905581365562,1092.0,2312.0,177.63,29.827214637712824,0.8261165070628539,"{""32"": 4, ""64"": 26, ""128"": 46, ""256"": 22, ""512"": 2}",70.0,24.0,2.0,0.0,0.0,8192.0,ppo_potential_corner1
experiments/ppo_verification/matrix8192/ppo_potential_corner1/seed42/checkpoints/best.pt,experiments/ppo_verification/matrix8192/ppo_potential_corner1/seed42/checkpoints/best.pt,fbfbc7a124b53743cf72bda3c11892d91f84c5159675e209743bcf833ee73b82,42,8192,1.556712584104389,deterministic,False,True,100,2021.04,1754.0,1178.6904728159427,1124.0,2735.0,188.72,1.4605822070050791,0.8131142164033478,"{""32"": 3, ""64"": 22, ""128"": 42, ""256"": 30, ""512"": 3}",75.0,33.0,3.0,0.0,0.0,8192.0,ppo_potential_corner1
experiments/ppo_verification/matrix8192/ppo_potential_corner1/seed43/checkpoints/best.pt,experiments/ppo_verification/matrix8192/ppo_potential_corner1/seed43/checkpoints/best.pt,11bf4cbcfb0e5aeb25f8e067fc2d33dbfb9c6552ed8c0a019ba6ed90c3a93b7b,43,8192,1.7978357910178602,deterministic,True,False,100,2615.16,2746.0,1143.489791574172,1636.0,3449.0,230.28,86.56564179777162,0.8676103510251657,"{""32"": 2, ""64"": 7, ""128"": 35, ""256"": 53, ""512"": 3}",91.0,56.00000000000001,3.0,0.0,0.0,8192.0,ppo_potential_corner1
experiments/ppo_verification/matrix8192/ppo_potential_corner1/seed43/checkpoints/best.pt,experiments/ppo_verification/matrix8192/ppo_potential_corner1/seed43/checkpoints/best.pt,11bf4cbcfb0e5aeb25f8e067fc2d33dbfb9c6552ed8c0a019ba6ed90c3a93b7b,43,8192,1.7978357910178602,deterministic,False,True,100,2593.28,2414.0,1234.6890344200726,1703.0,3493.0,229.03,72.32076259608014,0.8654802959740535,"{""32"": 1, ""64"": 10, ""128"": 40, ""256"": 43, ""512"": 6}",89.0,49.0,6.0,0.0,0.0,8192.0,ppo_potential_corner1
experiments/ppo_verification/matrix8192/ppo_potential_corner1/seed44/checkpoints/best.pt,experiments/ppo_verification/matrix8192/ppo_potential_corner1/seed44/checkpoints/best.pt,b325e3978811b8ce143a84107f8a3c4cfb20e1e684e9caf145c177fd25790173,44,8192,1.4324644589796662,deterministic,True,False,100,1618.8,1486.0,861.571127696842,959.0,2129.0,160.85,44.753697621742674,0.8288143538787888,"{""32"": 7, ""64"": 25, ""128"": 48, ""256"": 20}",68.0,20.0,0.0,0.0,0.0,4096.0,ppo_potential_corner1
experiments/ppo_verification/matrix8192/ppo_potential_corner1/seed44/checkpoints/best.pt,experiments/ppo_verification/matrix8192/ppo_potential_corner1/seed44/checkpoints/best.pt,b325e3978811b8ce143a84107f8a3c4cfb20e1e684e9caf145c177fd25790173,44,8192,1.4324644589796662,deterministic,False,True,100,1928.4,1728.0,833.5617626314274,1335.0,2469.0,183.69,3.1434960314385294,0.816853173083417,"{""32"": 1, ""64"": 15, ""128"": 53, ""256"": 31}",84.0,31.0,0.0,0.0,0.0,4096.0,ppo_potential_corner1
experiments/ppo_verification/matrix8192/ppo_raw_corner0/seed42/checkpoints/best.pt,experiments/ppo_verification/matrix8192/ppo_raw_corner0/seed42/checkpoints/best.pt,87f43187de829ee7077c45dfa4a0c74d7702c3412b5dc1580b1996c2696ebb7b,42,8192,1.4265574160963297,deterministic,False,False,100,2654.44,2650.0,1155.038066800214,1670.0,3384.0,234.26,3.842250179531732,0.6702928812693537,"{""32"": 1, ""64"": 5, ""128"": 37, ""256"": 54, ""512"": 3}",94.0,56.99999999999999,3.0,0.0,0.0,4096.0,ppo_raw_corner0
experiments/ppo_verification/matrix8192/ppo_raw_corner0/seed43/checkpoints/best.pt,experiments/ppo_verification/matrix8192/ppo_raw_corner0/seed43/checkpoints/best.pt,0dc8551d26a0c74df3f8e1ce92b19f90c5760da88207dee12d8c23f026338fe5,43,8192,1.3627341671381146,deterministic,False,False,100,2492.44,1990.0,1367.2692117405911,1530.0,3181.0,220.06,82.90462561811546,0.8563581076511673,"{""32"": 2, ""64"": 11, ""128"": 41, ""256"": 38, ""512"": 8}",87.0,46.0,8.0,0.0,0.0,4096.0,ppo_raw_corner0
experiments/ppo_verification/matrix8192/ppo_raw_corner0/seed44/checkpoints/best.pt,experiments/ppo_verification/matrix8192/ppo_raw_corner0/seed44/checkpoints/best.pt,e801b5bc38f8d7560a8ee00114a4ac55d516400ebba929c7b26f31088effcdf5,44,8192,1.377843291964382,deterministic,False,False,100,2740.08,2670.0,1326.1315784009985,1770.0,3474.0,235.54,0.0516949273042936,0.6715041460277636,"{""32"": 1, ""64"": 8, ""128"": 30, ""256"": 54, ""512"": 7}",91.0,61.0,7.000000000000001,0.0,0.0,4096.0,ppo_raw_corner0
experiments/ppo_verification/matrix8192/ppo_raw_corner1/seed42/checkpoints/best.pt,experiments/ppo_verification/matrix8192/ppo_raw_corner1/seed42/checkpoints/best.pt,fa9ccd933226e2fbeed29b61a4751465c4cb788c5190900fe3e3cdaf7b0154cb,42,8192,1.498748374870047,deterministic,True,False,100,1904.24,1542.0,1399.0559379723734,802.0,2789.0,178.26,28.693206622016,0.7034019705230016,"{""32"": 11, ""64"": 27, ""128"": 32, ""256"": 26, ""512"": 4}",62.0,30.0,4.0,0.0,0.0,8192.0,ppo_raw_corner1
experiments/ppo_verification/matrix8192/ppo_raw_corner1/seed42/checkpoints/best.pt,experiments/ppo_verification/matrix8192/ppo_raw_corner1/seed42/checkpoints/best.pt,fa9ccd933226e2fbeed29b61a4751465c4cb788c5190900fe3e3cdaf7b0154cb,42,8192,1.498748374870047,deterministic,False,True,100,2284.28,1904.0,1369.5880976307135,1280.0,3185.0,206.11,1.584439234160029,0.6470619524901277,"{""32"": 4, ""64"": 19, ""128"": 34, ""256"": 38, ""512"": 5}",77.0,43.0,5.0,0.0,0.0,8192.0,ppo_raw_corner1
experiments/ppo_verification/matrix8192/ppo_raw_corner1/seed43/checkpoints/best.pt,experiments/ppo_verification/matrix8192/ppo_raw_corner1/seed43/checkpoints/best.pt,343af65e49bca98abc348e69b6a1bdc1b8a61802196c8c40018ffbb524ad3916,43,8192,1.525321250082925,deterministic,True,False,100,2567.08,2740.0,1293.068120886338,1475.0,3329.0,223.76,85.33256980647438,0.791922802360899,"{""64"": 9, ""128"": 33, ""256"": 53, ""512"": 5}",91.0,57.99999999999999,5.0,0.0,0.0,8192.0,ppo_raw_corner1
experiments/ppo_verification/matrix8192/ppo_raw_corner1/seed43/checkpoints/best.pt,experiments/ppo_verification/matrix8192/ppo_raw_corner1/seed43/checkpoints/best.pt,343af65e49bca98abc348e69b6a1bdc1b8a61802196c8c40018ffbb524ad3916,43,8192,1.525321250082925,deterministic,False,True,100,2269.84,1900.0,1120.0176650843548,1469.0,3065.0,206.81,68.3385770794287,0.778372207087724,"{""64"": 12, ""128"": 47, ""256"": 39, ""512"": 2}",88.0,41.0,2.0,0.0,0.0,8192.0,ppo_raw_corner1
experiments/ppo_verification/matrix8192/ppo_raw_corner1/seed44/checkpoints/best.pt,experiments/ppo_verification/matrix8192/ppo_raw_corner1/seed44/checkpoints/best.pt,1a1332e59423684aa03dac5dd050ff869a7e8aaef8a26545456af161d47be409,44,8192,1.5542967920191586,deterministic,True,False,100,2396.2,2038.0,1590.3459632508527,1565.0,2925.0,211.3,65.78150763223073,0.8529003824896105,"{""32"": 3, ""64"": 12, ""128"": 49, ""256"": 30, ""512"": 5, ""1024"": 1}",85.0,36.0,6.0,1.0,0.0,8192.0,ppo_raw_corner1
experiments/ppo_verification/matrix8192/ppo_raw_corner1/seed44/checkpoints/best.pt,experiments/ppo_verification/matrix8192/ppo_raw_corner1/seed44/checkpoints/best.pt,1a1332e59423684aa03dac5dd050ff869a7e8aaef8a26545456af161d47be409,44,8192,1.5542967920191586,deterministic,False,True,100,2002.88,1854.0,944.4274122290695,1311.0,2552.0,189.31,8.953748675291674,0.8439126536835333,"{""32"": 1, ""64"": 17, ""128"": 54, ""256"": 27, ""512"": 1}",82.0,28.000000000000004,1.0,0.0,0.0,8192.0,ppo_raw_corner1
