training_seed,seed,score,max_tile,moves,corner_occupancy,snake_quality
42,200000,1416,128,143,0.0,0.8032003512796059
42,200001,1220,128,137,5.109489051094891,0.8341100615558498
42,200002,2204,128,207,1.4492753623188406,0.8190054610995618
42,200003,2468,128,230,6.956521739130435,0.8131676729820547
42,200004,3340,256,281,0.7117437722419929,0.8496274564826503
42,200005,2500,128,236,0.0,0.8213825385491492
42,200006,1464,128,150,0.0,0.7755661904723503
42,200007,3276,256,260,0.0,0.845216657346001
42,200008,1780,128,184,1.0869565217391304,0.8197386982289939
42,200009,2012,128,196,3.5714285714285716,0.7974322750914548
42,200010,1252,128,140,1.4285714285714286,0.781538527925405
42,200011,2800,128,262,0.7633587786259542,0.8416589689817388
42,200012,2504,128,232,0.43103448275862066,0.8204677134157026
42,200013,1176,64,141,1.4184397163120568,0.815968307193612
42,200014,3252,256,277,1.0830324909747293,0.8252113162878615
42,200015,1524,128,151,0.6622516556291391,0.8228402501459956
42,200016,564,64,76,9.210526315789474,0.8303940576792879
42,200017,4960,512,341,0.0,0.8290610434328969
42,200018,972,64,114,0.8771929824561403,0.767952625140317
42,200019,1848,128,182,0.5494505494505495,0.8089961142408888
42,200020,992,64,127,0.7874015748031497,0.8215152107738981
42,200021,640,64,89,0.0,0.8132109259582967
42,200022,1792,128,184,0.5434782608695652,0.8293484586888233
42,200023,2448,128,228,0.43859649122807015,0.8278848907700338
42,200024,1432,128,153,0.0,0.8333361402869801
42,200025,1928,128,186,0.0,0.8105390753410089
42,200026,1292,128,139,0.7194244604316546,0.8091150122896469
42,200027,2464,256,213,0.4694835680751174,0.8415699668609355
42,200028,1068,64,127,12.598425196850394,0.7983858220025829
42,200029,1192,64,144,0.6944444444444444,0.8165961199580422
42,200030,3580,256,298,3.6912751677852347,0.8403557661522011
42,200031,2076,128,195,0.5128205128205128,0.8163917061389573
42,200032,2292,256,188,1.5957446808510638,0.8156330224700198
42,200033,1048,128,112,5.357142857142857,0.7819051066257153
42,200034,2952,256,253,0.3952569169960474,0.8223908343439466
42,200035,1776,128,177,3.389830508474576,0.8312785983289575
42,200036,2276,128,210,0.0,0.8306588078677943
42,200037,1520,128,159,1.2578616352201257,0.8563882824209463
42,200038,4176,256,320,0.9375,0.7995964376224667
42,200039,1384,128,146,0.684931506849315,0.8263246207241371
42,200040,1500,64,166,0.6024096385542169,0.8200256637383931
42,200041,1856,128,187,0.5347593582887701,0.8324404053382495
42,200042,428,32,69,0.0,0.7206310187479855
42,200043,1212,64,135,2.2222222222222223,0.832878813402296
42,200044,2504,256,217,0.4608294930875576,0.8255733789763664
42,200045,1180,128,127,0.7874015748031497,0.7826347669203374
42,200046,1504,128,157,4.45859872611465,0.8727851591033483
42,200047,1276,128,135,0.0,0.8407445162860036
42,200048,1460,128,153,0.6535947712418301,0.8275405953039893
42,200049,2456,256,208,0.4807692307692308,0.8086211381277658
42,200050,2864,256,247,2.0242914979757085,0.8649517031564132
42,200051,1508,128,160,1.25,0.8083582283789086
42,200052,2756,128,252,0.3968253968253968,0.8290794146436912
42,200053,1372,128,140,7.857142857142857,0.7867205953898543
42,200054,1140,128,123,0.0,0.8040832163906139
42,200055,3960,256,324,0.6172839506172839,0.8401648677631318
42,200056,664,64,92,2.1739130434782608,0.7507558951486561
42,200057,2004,128,190,4.7368421052631575,0.8108344621738713
42,200058,652,64,85,24.705882352941178,0.7705392481609465
42,200059,1940,128,200,3.0,0.8066108332241727
42,200060,3504,256,289,1.7301038062283738,0.8462620377801774
42,200061,1152,64,133,1.5037593984962405,0.8250373558529537
42,200062,980,64,115,3.4782608695652173,0.8173999808647713
42,200063,2876,256,249,3.21285140562249,0.8673897466192565
42,200064,1716,128,174,2.2988505747126435,0.8329270658050427
42,200065,840,64,101,0.0,0.7892947415587558
42,200066,1608,128,170,0.0,0.8342867881003629
42,200067,1372,64,151,0.0,0.7918533633784773
42,200068,2468,128,235,0.0,0.8491633328822328
42,200069,1224,128,123,2.4390243902439024,0.8273320508130181
42,200070,1564,128,156,8.333333333333334,0.806074832439441
42,200071,1096,64,131,9.16030534351145,0.8217786761538164
42,200072,812,64,110,3.6363636363636362,0.8373318863379529
42,200073,1168,64,139,4.316546762589928,0.8243933620677933
42,200074,2808,256,230,8.695652173913043,0.8357814359525001
42,200075,1432,128,147,2.7210884353741496,0.8181287777417319
42,200076,532,64,70,1.4285714285714286,0.8289721006735358
42,200077,1548,128,159,5.031446540880503,0.8018336378573164
42,200078,1784,128,176,1.7045454545454546,0.8339298176747941
42,200079,1928,128,196,0.0,0.8217949442059763
42,200080,1788,128,182,0.0,0.8195664998210405
42,200081,2520,256,211,2.843601895734597,0.8221446886028422
42,200082,3564,256,298,0.33557046979865773,0.8473582105402981
42,200083,1584,128,168,0.0,0.8166431908159717
42,200084,704,64,94,5.319148936170213,0.8021361917757616
42,200085,2472,128,229,0.0,0.8473135594633224
42,200086,2368,128,217,3.225806451612903,0.8340879745859006
42,200087,316,32,58,62.06896551724138,0.7936770180455757
42,200088,2460,128,227,0.44052863436123346,0.8438570796022941
42,200089,1612,128,167,0.0,0.8145334253165897
42,200090,336,32,62,4.838709677419355,0.748896960886379
42,200091,868,64,110,1.8181818181818181,0.7789530246661583
42,200092,3328,256,283,2.8268551236749118,0.8480872839991898
42,200093,1420,128,155,0.0,0.8237537368740872
42,200094,2576,128,240,0.8333333333333334,0.8263921513494769
42,200095,1016,64,123,0.8130081300813008,0.830688707444807
42,200096,2264,128,216,0.0,0.856244930515951
42,200097,1740,128,175,1.7142857142857142,0.8070328206748121
42,200098,2364,128,229,3.056768558951965,0.8283277685274745
42,200099,2772,256,241,5.809128630705394,0.8164420895689997
43,200000,1172,128,126,0.0,0.769067141762014
43,200001,524,32,86,11.627906976744185,0.7836125250896708
43,200002,1132,128,121,14.049586776859504,0.8075448544393482
43,200003,420,32,67,2.985074626865672,0.7647533969568302
43,200004,1468,128,152,1.9736842105263157,0.8003988367059143
43,200005,316,32,58,15.517241379310345,0.777638963579004
43,200006,352,32,59,11.864406779661017,0.7657621029883164
43,200007,364,32,59,3.389830508474576,0.7240034445275431
43,200008,724,64,98,6.122448979591836,0.7952323951661383
43,200009,1444,128,152,5.2631578947368425,0.7873000158671547
43,200010,1076,64,132,3.787878787878788,0.7784816538165218
43,200011,620,64,84,8.333333333333334,0.7725495896619905
43,200012,1176,128,127,4.724409448818897,0.7698183843413693
43,200013,976,128,104,1.9230769230769231,0.7876176401182161
43,200014,900,64,111,10.81081081081081,0.7564763769297107
43,200015,552,64,76,9.210526315789474,0.7727201415854578
43,200016,324,32,56,26.785714285714285,0.7525871050473046
43,200017,192,32,39,30.76923076923077,0.7304158489811093
43,200018,1188,128,127,5.511811023622047,0.7859382837310382
43,200019,672,64,87,8.045977011494253,0.764565251603022
43,200020,692,64,97,18.556701030927837,0.7883888222206727
43,200021,2472,256,210,0.9523809523809523,0.7955334717426397
43,200022,300,32,54,5.555555555555555,0.7539699885051895
43,200023,840,64,99,4.040404040404041,0.7891452780803964
43,200024,664,64,91,0.0,0.7614796136285721
43,200025,484,32,78,21.794871794871796,0.7831688847048286
43,200026,2860,256,234,0.42735042735042733,0.7960010998094779
43,200027,484,32,78,23.076923076923077,0.7674346438074812
43,200028,716,64,96,34.375,0.818036758747226
43,200029,484,32,78,6.410256410256411,0.7532106478115005
43,200030,380,32,62,19.35483870967742,0.7645696879581865
43,200031,364,32,62,11.290322580645162,0.75245487851159
43,200032,1632,128,171,11.11111111111111,0.797976088680877
43,200033,532,32,81,20.987654320987655,0.7974328773770099
43,200034,576,64,79,22.78481012658228,0.7812210898261239
43,200035,324,32,59,11.864406779661017,0.7574339853258419
43,200036,644,64,84,13.095238095238095,0.7474190837163149
43,200037,244,16,50,26.0,0.7548842929050368
43,200038,692,64,95,6.315789473684211,0.7894105267106866
43,200039,468,64,68,7.352941176470588,0.8034358682710995
43,200040,764,64,103,9.70873786407767,0.7845373177436262
43,200041,1036,128,112,6.25,0.8024559714023061
43,200042,1040,64,124,4.032258064516129,0.7844778994399931
43,200043,712,64,91,3.2967032967032965,0.7720516056838161
43,200044,1232,128,135,2.962962962962963,0.7988811719764075
43,200045,740,64,95,1.0526315789473684,0.7491445395380913
43,200046,1040,128,112,9.821428571428571,0.7763918935823583
43,200047,664,64,89,7.865168539325842,0.7714448595763107
43,200048,464,32,77,23.376623376623378,0.808131332160045
43,200049,672,64,90,4.444444444444445,0.7847337877999069
43,200050,752,64,90,12.222222222222221,0.7752546260608674
43,200051,640,64,89,5.617977528089888,0.777841959084897
43,200052,1112,128,117,5.982905982905983,0.7663984104199608
43,200053,644,64,87,2.2988505747126435,0.7719089432110351
43,200054,616,64,83,16.867469879518072,0.7328706288864006
43,200055,1212,128,129,0.7751937984496124,0.7589090883694078
43,200056,864,64,114,14.912280701754385,0.8139295008364055
43,200057,1428,128,151,7.28476821192053,0.7876367672265221
43,200058,200,16,45,13.333333333333334,0.7576318217086137
43,200059,616,64,85,25.88235294117647,0.7839938482449396
43,200060,1556,128,158,0.6329113924050633,0.7693121997346184
43,200061,952,64,113,0.0,0.7556148736045413
43,200062,532,64,73,20.54794520547945,0.801716392375487
43,200063,628,64,86,16.27906976744186,0.7938834241682773
43,200064,828,64,105,15.238095238095237,0.794670465556995
43,200065,568,64,77,0.0,0.7491837187551436
43,200066,1040,128,113,8.849557522123893,0.7740020822323658
43,200067,732,64,95,8.421052631578947,0.7976347170224901
43,200068,928,64,112,3.5714285714285716,0.7639268034465811
43,200069,596,64,82,13.414634146341463,0.7975124283337983
43,200070,640,64,86,11.627906976744185,0.7728082358272487
43,200071,1304,128,133,8.270676691729323,0.8005348952290662
43,200072,1140,64,137,13.86861313868613,0.8129884143373892
43,200073,752,64,97,15.463917525773196,0.7705895594002381
43,200074,756,64,92,0.0,0.7734134005347005
43,200075,296,32,54,7.407407407407407,0.7503929912121299
43,200076,200,16,45,24.444444444444443,0.7396764692566279
43,200077,1252,128,134,2.985074626865672,0.8026308998178415
43,200078,1308,128,142,7.042253521126761,0.8160288296435991
43,200079,1300,128,135,5.925925925925926,0.7979392396142911
43,200080,844,64,111,0.9009009009009009,0.766068530593778
43,200081,556,64,80,13.75,0.7927552434143433
43,200082,260,32,51,9.803921568627452,0.7657496984857852
43,200083,612,64,84,11.904761904761905,0.7774808440381618
43,200084,684,64,92,6.521739130434782,0.7647117215157269
43,200085,628,64,87,0.0,0.8113455513250707
43,200086,680,64,89,25.84269662921348,0.7592470473006074
43,200087,452,32,74,5.405405405405405,0.7547704746002782
43,200088,1588,128,164,2.4390243902439024,0.8065682497909525
43,200089,368,32,65,15.384615384615385,0.7735266577297084
43,200090,408,32,69,31.884057971014492,0.793619445965277
43,200091,712,64,92,5.434782608695652,0.7510702494312171
43,200092,528,32,84,17.857142857142858,0.8110887262891422
43,200093,600,64,84,8.333333333333334,0.7907081542403227
43,200094,1680,128,158,17.088607594936708,0.7860322158670155
43,200095,864,64,113,18.58407079646018,0.8030847069508777
43,200096,248,16,52,9.615384615384615,0.759589350039017
43,200097,588,64,81,3.7037037037037037,0.7729777412254302
43,200098,1252,128,131,1.5267175572519085,0.7699864485000832
43,200099,1420,128,148,2.027027027027027,0.7927426377993266
44,200000,628,64,86,13.953488372093023,0.6920573606559425
44,200001,1724,128,180,0.0,0.6244328201069781
44,200002,1404,128,147,2.0408163265306123,0.6863568884656404
44,200003,2612,256,228,0.8771929824561403,0.6526977813234738
44,200004,724,64,97,6.185567010309279,0.7065569300986174
44,200005,512,32,78,3.8461538461538463,0.7175840729533319
44,200006,1152,128,116,0.0,0.7281866976504936
44,200007,304,32,52,13.461538461538462,0.7140480866280617
44,200008,964,64,121,3.3057851239669422,0.6870422245275651
44,200009,672,64,91,0.0,0.7102011192594367
44,200010,1212,128,135,0.0,0.7228381937887925
44,200011,1448,128,151,1.3245033112582782,0.70434590574803
44,200012,328,32,60,5.0,0.7008672844099327
44,200013,1288,128,139,4.316546762589928,0.6829646482276013
44,200014,588,64,87,4.597701149425287,0.7038811352088069
44,200015,1364,128,141,0.0,0.6876631025690308
44,200016,728,64,95,6.315789473684211,0.6889680597170227
44,200017,608,32,86,1.1627906976744187,0.6832979187199444
44,200018,300,32,54,1.8518518518518519,0.6939450824386694
44,200019,1896,128,187,5.882352941176471,0.7145472960911207
44,200020,940,64,116,0.0,0.7041621759629335
44,200021,896,64,107,2.803738317757009,0.683261326378403
44,200022,1032,64,124,0.8064516129032258,0.7077037614656477
44,200023,232,32,46,2.1739130434782608,0.7194659698631025
44,200024,412,32,69,0.0,0.5972087859610613
44,200025,600,64,85,0.0,0.6912559702968284
44,200026,1380,128,141,2.127659574468085,0.7083928875168368
44,200027,2388,256,206,9.70873786407767,0.7319464477566494
44,200028,244,32,49,0.0,0.6720715632833797
44,200029,1136,128,125,0.8,0.7047201554264845
44,200030,612,64,83,0.0,0.6860975681225282
44,200031,336,32,57,28.07017543859649,0.7237657950036795
44,200032,880,64,106,16.9811320754717,0.722139590346601
44,200033,556,64,75,0.0,0.6396387532940239
44,200034,620,64,85,1.1764705882352942,0.6855495807069792
44,200035,1308,128,133,2.255639097744361,0.6630025625366192
44,200036,1016,64,123,0.8130081300813008,0.6829285681008807
44,200037,536,64,73,2.73972602739726,0.6779354191942534
44,200038,428,32,70,18.571428571428573,0.7028713174948668
44,200039,848,64,103,1.941747572815534,0.6575588496014979
44,200040,580,64,80,21.25,0.7165848860175853
44,200041,1108,64,131,0.0,0.6857319901413584
44,200042,1132,128,121,3.3057851239669422,0.6993544505673472
44,200043,1632,128,160,4.375,0.6585821019226175
44,200044,628,64,87,18.39080459770115,0.7198929670262137
44,200045,2008,256,165,1.8181818181818181,0.735613055622602
44,200046,1348,128,142,3.5211267605633805,0.6682998087700306
44,200047,692,64,91,25.274725274725274,0.7536187214171725
44,200048,644,64,90,1.1111111111111112,0.716740561571261
44,200049,836,64,101,0.0,0.6876753727837269
44,200050,1016,64,117,1.7094017094017093,0.7334079310186731
44,200051,1064,128,115,0.0,0.6776142274745235
44,200052,1420,128,145,3.4482758620689653,0.6556518801424958
44,200053,1440,128,148,0.6756756756756757,0.661729635132755
44,200054,180,16,42,11.904761904761905,0.6479662392202508
44,200055,1480,128,154,1.2987012987012987,0.6890610011929936
44,200056,648,64,91,0.0,0.6867862363148644
44,200057,1716,128,175,4.571428571428571,0.7132570832033698
44,200058,792,64,105,1.9047619047619047,0.7542774985613196
44,200059,964,64,115,2.608695652173913,0.6812518484178499
44,200060,652,64,85,8.235294117647058,0.6856122147665568
44,200061,1436,128,148,0.0,0.6559868366127
44,200062,476,32,76,1.3157894736842106,0.746468291982846
44,200063,616,64,84,8.333333333333334,0.7051590142844869
44,200064,928,64,114,1.7543859649122806,0.7268011368890622
44,200065,400,32,66,0.0,0.6567643737137429
44,200066,1468,128,155,0.0,0.6942381799184858
44,200067,632,64,81,7.407407407407407,0.7161647593655263
44,200068,412,32,66,1.5151515151515151,0.6720172573486691
44,200069,2052,256,172,0.0,0.6888570671325114
44,200070,1248,128,132,4.545454545454546,0.6755126772335095
44,200071,716,32,103,1.941747572815534,0.713082312118864
44,200072,420,32,68,5.882352941176471,0.6835960524723165
44,200073,644,64,84,2.380952380952381,0.7460327310096047
44,200074,648,64,90,0.0,0.7069232278676525
44,200075,1140,128,123,6.504065040650406,0.7018727732030315
44,200076,1292,128,136,1.4705882352941178,0.6926034085203587
44,200077,852,64,110,1.8181818181818181,0.6944156833293407
44,200078,1120,128,121,2.479338842975207,0.6745629584069714
44,200079,756,64,102,0.0,0.6614060447842554
44,200080,632,64,87,5.747126436781609,0.6597539171248977
44,200081,1580,128,165,0.0,0.7032606167330809
44,200082,220,32,44,0.0,0.6112874570124636
44,200083,620,64,87,3.4482758620689653,0.7042376250488777
44,200084,1504,128,153,4.57516339869281,0.7066894929529707
44,200085,356,32,60,11.666666666666666,0.7451009839860793
44,200086,612,64,83,1.2048192771084338,0.6750514581894868
44,200087,868,64,104,0.9615384615384616,0.7382257627319627
44,200088,628,64,81,3.7037037037037037,0.6580263398967502
44,200089,696,64,91,3.2967032967032965,0.6604854215317564
44,200090,788,64,99,8.080808080808081,0.7110062209272178
44,200091,612,64,83,4.819277108433735,0.7439088427761745
44,200092,716,64,96,2.0833333333333335,0.6864928320893191
44,200093,1108,64,136,2.9411764705882355,0.6837925670106698
44,200094,700,64,92,0.0,0.6853028723483315
44,200095,748,64,100,0.0,0.6896821313157981
44,200096,1180,64,134,0.746268656716418,0.6844582009473584
44,200097,572,64,81,1.2345679012345678,0.6553780293477607
44,200098,956,64,117,3.4188034188034186,0.684694949679967
44,200099,232,16,50,16.0,0.7417485556134877
